rank,name,type,price_usd,score,value_for_money,popularity,stars
1,NVIDIA RTX PRO 6000 Blackwell,Desktop/Mobile,,15797.0,,0.0,5
2,NVIDIA GeForce RTX 5090,Desktop/Mobile,1999.0,14636.0,7,7.6,5
3,NVIDIA GeForce RTX 5090 D,Desktop/Mobile,,14602.0,,0.2,5
4,NVIDIA RTX 5090 D v2,Desktop/Mobile,,14348.0,,0.2,5
5,NVIDIA GeForce RTX 4090,Desktop/Mobile,1599.0,9225.0,5,2.0,5
6,NVIDIA GeForce RTX 5080,Desktop/Mobile,999.0,8938.0,8,12.3,5
7,NVIDIA GeForce RTX 4090 D,Desktop/Mobile,1599.0,8607.0,5,0.0,5
8,"Mac Studio (2026 M5 Ultra, 80-core GPU)",Mac,,8023.0,,0.0,5
9,AMD Radeon RX 9070 XT,Desktop/Mobile,599.0,7273.0,12,15.0,4
10,AMD Radeon AI PRO R9700,Desktop/Mobile,,7008.0,,0.0,4
11,NVIDIA GeForce RTX 5070 Ti,Desktop/Mobile,749.0,6967.0,9,9.2,4
12,AMD Radeon RX 7900 XTX,Desktop/Mobile,999.0,6866.0,6,1.6,4
13,NVIDIA GeForce RTX 4080 SUPER,Desktop/Mobile,999.0,6621.0,6,1.2,4
14,NVIDIA GeForce RTX 4080,Desktop/Mobile,1199.0,6585.0,5,1.0,4
15,AMD Radeon RX 9070,Desktop/Mobile,549.0,6312.0,11,1.5,4
16,NVIDIA GeForce RTX 5090 (notebook),Desktop/Mobile,,6223.0,,0.3,4
17,NVIDIA GeForce RTX 3090 Ti,Desktop/Mobile,2000.0,5763.0,2,0.2,4
18,AMD Radeon RX 7900 XT,Desktop/Mobile,899.0,5635.0,6,0.8,4
19,NVIDIA GeForce RTX 4070 Ti SUPER,Desktop/Mobile,799.0,5588.0,6,1.0,4
20,"Mac Studio (2025 M3 Ultra, 80-core GPU)",Mac,,5521.0,,0.0,4
21,NVIDIA GeForce RTX 5070,Desktop/Mobile,549.0,5340.0,9,4.3,3
22,AMD Radeon RX 9070 GRE,Desktop/Mobile,,5239.0,,0.0,3
23,NVIDIA GeForce RTX 5080 (notebook),Desktop/Mobile,,5236.0,,0.5,3
24,NVIDIA GeForce RTX 3090,Desktop/Mobile,1499.0,5112.0,3,0.9,3
25,NVIDIA GeForce RTX 3080 Ti,Desktop/Mobile,1199.0,5092.0,4,1.2,3
26,NVIDIA GeForce RTX 4070 Ti,Desktop/Mobile,799.0,5040.0,6,1.0,3
27,NVIDIA Quadro RTX A6000,Desktop/Mobile,,4869.0,,0.0,3
28,NVIDIA RTX 4090 (notebook),Desktop/Mobile,,4843.0,,0.2,3
29,AMD Radeon RX 7900 GRE,Desktop/Mobile,550.0,4805.0,8,0.2,3
30,NVIDIA GeForce RTX 3080 12 GB,Desktop/Mobile,799.0,4797.0,6,0.3,3
31,NVIDIA GeForce RTX 4070 SUPER,Desktop/Mobile,599.0,4650.0,7,1.4,3
32,"Mac Studio (2025 M3 Ultra, 60-core GPU)",Mac,,4589.0,,0.0,3
33,NVIDIA GeForce RTX 3080,Desktop/Mobile,699.0,4442.0,6,1.2,3
34,NVIDIA GeForce RTX 3080 LHR,Desktop/Mobile,,4430.0,,1.0,3
35,"MacBook Pro (2026 M5 Max, 40-core GPU, 16"")",Mac,,4327.0,,0.0,3
36,AMD Radeon RX 6950 XT,Desktop/Mobile,1299.0,4217.0,3,0.3,3
37,"Mac Studio (2023 M2 Ultra, 76-core GPU)",Mac,,4207.0,,0.0,3
38,NVIDIA RTX 4080 (notebook),Desktop/Mobile,,4178.0,,0.3,3
39,AMD Radeon RX 7800 XT,Desktop/Mobile,499.0,4152.0,8,1.1,3
40,AMD Radeon RX 6900 XT,Desktop/Mobile,999.0,4055.0,4,0.5,3
41,"MacBook Pro (2026 M5 Max, 40-core GPU, 14"")",Mac,,3867.0,,0.0,3
42,NVIDIA GeForce RTX 5070 Ti (notebook),Desktop/Mobile,,3847.0,,0.7,3
43,NVIDIA GeForce RTX 4070,Desktop/Mobile,600.0,3845.0,6,1.2,3
44,NVIDIA Titan RTX,Desktop/Mobile,2499.0,3829.0,1,0.0,3
45,AMD Radeon RX 9060 XT 16 GB,Desktop/Mobile,,3820.0,,1.8,3
46,NVIDIA RTX A5000,Desktop/Mobile,,3796.0,,0.0,3
47,AMD Radeon RX 9060 XT,Desktop/Mobile,,3743.0,,0.3,3
48,"Mac Studio (2025 M4 Max, 40-core GPU)",Mac,,3671.0,,0.0,3
49,AMD Radeon RX 6800 XT,Desktop/Mobile,649.0,3669.0,5,0.5,3
50,NVIDIA GeForce RTX 5060 Ti 16 GB,Desktop/Mobile,,3622.0,,1.8,3
51,NVIDIA GeForce RTX 5060 Ti,Desktop/Mobile,,3592.0,,0.4,3
52,"MacBook Pro (2026 M5 Max, 32-core GPU, 16"")",Mac,,3578.0,,0.0,3
53,"MacBook Pro (2024 M4 Max, 40-core GPU, 16"")",Mac,,3576.0,,0.0,3
54,"Mac Studio (2023 M2 Ultra, 60-core GPU)",Mac,,3530.0,,0.0,3
55,NVIDIA Titan V,Desktop/Mobile,2999.0,3525.0,1,0.0,3
56,NVIDIA GeForce RTX 3070 Ti,Desktop/Mobile,599.0,3501.0,5,0.9,3
57,NVIDIA GeForce RTX 2080 Ti,Desktop/Mobile,999.0,3497.0,3,0.5,3
58,"MacBook Pro (2026 M5 Max, 32-core GPU, 14"")",Mac,,3373.0,,0.0,3
59,AMD Radeon RX 7700 XT,Desktop/Mobile,449.0,3322.0,7,0.3,3
60,AMD Radeon RX 9060,Desktop/Mobile,,3294.0,,0.0,3
61,"MacBook Pro (2024 M4 Max, 40-core GPU, 14"")",Mac,,3238.0,,0.0,3
62,NVIDIA RTX A4500,Desktop/Mobile,,3207.0,,0.0,3
63,NVIDIA GeForce RTX 3070,Desktop/Mobile,499.0,3182.0,6,1.3,3
64,AMD Radeon RX 6800,Desktop/Mobile,579.0,3181.0,5,0.3,3
65,NVIDIA GeForce RTX 5060,Desktop/Mobile,,3178.0,,1.5,3
66,NVIDIA GeForce RTX 3070 LHR,Desktop/Mobile,,3173.0,,0.7,3
67,"Mac Studio (2022 M1 Ultra, 64-core GPU)",Mac,,3150.0,,0.0,3
68,Intel Arc B580,Desktop/Mobile,,3055.0,,0.4,3
69,NVIDIA GeForce RTX 5070 (notebook),Desktop/Mobile,,3012.0,,0.4,3
70,"MacBook Pro (2023 M3 Max, 40-core GPU, 16"")",Mac,,2985.0,,0.0,3
71,Intel Arc A770,Desktop/Mobile,329.0,2972.0,9,0.1,3
72,AMD Radeon RX 7800M,Desktop/Mobile,,2950.0,,0.0,3
73,"Mac Studio (2025 M4 Max, 32-core GPU)",Mac,,2934.0,,0.0,3
74,"MacBook Pro (2024 M4 Max, 32-core GPU, 16"")",Mac,,2919.0,,0.0,3
75,NVIDIA GeForce RTX 3080 Ti (notebook),Desktop/Mobile,,2914.0,,0.0,3
76,NVIDIA GeForce RTX 4060 Ti 8 GB,Desktop/Mobile,399.0,2907.0,7,0.7,3
77,NVIDIA GeForce RTX 4060 Ti 16 GB,Desktop/Mobile,,2905.0,,0.2,3
78,AMD Radeon RX 7700,Desktop/Mobile,,2857.0,,0.0,3
79,NVIDIA GeForce RTX 3060 Ti GDDR6X,Desktop/Mobile,,2806.0,,0.1,3
80,"MacBook Pro (2023 M3 Max, 40-core GPU, 14"")",Mac,,2803.0,,0.0,3
81,"MacBook Pro (2024 M4 Max, 32-core GPU, 14"")",Mac,,2770.0,,0.0,3
82,NVIDIA GeForce RTX 2080 SUPER,Desktop/Mobile,699.0,2727.0,3,0.3,3
83,NVIDIA RTX 4070 (notebook),Desktop/Mobile,,2702.0,,0.5,3
84,NVIDIA GeForce RTX 3060 Ti,Desktop/Mobile,399.0,2691.0,6,0.3,3
85,Intel Arc B570,Desktop/Mobile,,2647.0,,0.0,3
86,NVIDIA GeForce RTX 5060 (notebook),Desktop/Mobile,,2639.0,,0.5,3
87,NVIDIA GeForce RTX 3060 Ti LHR,Desktop/Mobile,,2638.0,,1.0,3
88,NVIDIA GeForce RTX 3080 (notebook),Desktop/Mobile,,2617.0,,0.1,3
89,NVIDIA RTX A4000,Desktop/Mobile,,2608.0,,0.0,3
90,Intel Arc A750,Desktop/Mobile,289.0,2600.0,8,0.1,3
91,NVIDIA GeForce RTX 3070 Ti (notebook),Desktop/Mobile,,2566.0,,0.1,3
92,"Mac Studio (2022 M1 Ultra, 48-core GPU)",Mac,,2560.0,,0.0,3
93,NVIDIA GeForce RTX 2080,Desktop/Mobile,699.0,2558.0,3,0.3,3
94,AMD Radeon RX 6750 XT,Desktop/Mobile,549.0,2539.0,4,0.2,3
95,AMD Radeon RX 6700 XT,Desktop/Mobile,479.0,2424.0,5,0.6,2
96,NVIDIA Titan Xp,Desktop/Mobile,1199.0,2403.0,2,0.0,2
97,AMD Radeon RX 6750 GRE 12 GB,Desktop/Mobile,289.0,2394.0,8,0.0,2
98,NVIDIA GeForce RTX 2070 SUPER,Desktop/Mobile,499.0,2383.0,4,0.5,2
99,NVIDIA GeForce RTX 3070 (notebook),Desktop/Mobile,,2375.0,,0.3,2
100,NVIDIA GeForce RTX 2080 SUPER,Desktop/Mobile,,2364.0,,0.0,2
101,AMD Radeon RX 7600 XT,Desktop/Mobile,329.0,2355.0,7,0.1,2
102,NVIDIA Titan Xp Collector's Edition,Desktop/Mobile,1199.0,2351.0,1,0.0,2
103,NVIDIA GeForce RTX 2080,Desktop/Mobile,,2338.0,,0.0,2
104,"MacBook Pro (2026 M5 Pro, 20-core GPU, 16"")",Mac,,2325.0,,0.0,2
105,NVIDIA GeForce RTX 5050,Desktop/Mobile,,2323.0,,0.1,2
106,"MacBook Pro (2026 M5 Pro, 20-core GPU, 14"")",Mac,,2322.0,,0.0,2
107,"MacBook Pro (2023 M3 Max, 30-core GPU, 16"")",Mac,,2319.0,,0.0,2
108,AMD Radeon VII,Desktop/Mobile,699.0,2318.0,3,0.0,2
109,AMD Radeon RX 7600,Desktop/Mobile,269.0,2312.0,8,0.3,2
110,NVIDIA GeForce RTX 4060,Desktop/Mobile,299.0,2309.0,7,1.2,2
111,AMD Radeon RX 7650 GRE,Desktop/Mobile,,2304.0,,0.0,2
112,"Mac Studio (2023 M2 Max, 38-core GPU)",Mac,,2284.0,,0.0,2
113,"MacBook Pro (2023 M2 Max, 38-core GPU, 16"")",Mac,,2276.0,,0.0,2
114,NVIDIA RTX 4060 (notebook),Desktop/Mobile,,2267.0,,0.8,2
115,Intel Arc A770M,Desktop/Mobile,,2265.0,,0.0,2
116,"MacBook Pro (2023 M3 Max, 30-core GPU, 14"")",Mac,,2263.0,,0.0,2
117,NVIDIA Titan X (Pascal),Desktop/Mobile,1199.0,2231.0,1,0.0,2
118,NVIDIA GeForce GTX 1080 Ti,Desktop/Mobile,699.0,2225.0,3,0.4,2
119,AMD Radeon RX 6800M,Desktop/Mobile,,2206.0,,0.0,2
120,Intel Arc A580,Desktop/Mobile,,2187.0,,0.0,2
121,AMD Radeon Pro VII,Desktop/Mobile,,2164.0,,0.0,2
122,AMD Radeon RX 7700S,Desktop/Mobile,,2161.0,,0.0,2
123,NVIDIA GeForce RTX 5050 (notebook),Desktop/Mobile,,2130.0,,0.1,2
124,AMD Radeon RX 5700 XT,Desktop/Mobile,399.0,2114.0,5,0.4,2
125,NVIDIA GeForce RTX 2070,Desktop/Mobile,499.0,2094.0,4,0.3,2
126,AMD Radeon RX 7600M XT,Desktop/Mobile,,2086.0,,0.0,2
127,AMD Radeon 8060S Graphics,Desktop/Mobile,,2027.0,,0.0,2
128,NVIDIA GeForce RTX 3060 GA104,Desktop/Mobile,,2006.0,,0.3,2
129,AMD Radeon RX 6700,Desktop/Mobile,,2002.0,,0.1,2
130,NVIDIA GeForce RTX 2070 SUPER,Desktop/Mobile,,2001.0,,0.0,2
131,AMD Radeon RX 6750 GRE 10 GB,Desktop/Mobile,,1987.0,,0.0,2
132,NVIDIA GeForce RTX 2060 SUPER,Desktop/Mobile,399.0,1984.0,4,0.3,2
133,NVIDIA GeForce RTX 3060,Desktop/Mobile,359.0,1978.0,5,1.3,2
134,"MacBook Pro (2026 M5 Pro, 16-core GPU, 14"")",Mac,,1958.0,,0.0,2
135,AMD Radeon RX 7600S,Desktop/Mobile,,1909.0,,0.0,2
136,"MacBook Pro (2023 M2 Max, 30-core GPU, 16"")",Mac,,1903.0,,0.0,2
137,"Mac Studio (2023 M2 Max, 30-core GPU)",Mac,,1884.0,,0.0,2
138,"MacBook Pro (2024 M4 Pro, 20-core GPU, 14"")",Mac,,1876.0,,0.0,2
139,"MacBook Pro (2024 M4 Pro, 20-core GPU, 16"")",Mac,,1875.0,,0.0,2
140,"Mac mini (2024 M4 Pro, 20-core GPU)",Mac,,1863.0,,0.0,2
141,AMD Radeon RX 6650 XT,Desktop/Mobile,249.0,1853.0,7,0.2,2
142,AMD Radeon RX 5700,Desktop/Mobile,349.0,1852.0,5,0.1,2
143,"MacBook Pro (2023 M2 Max, 30-core GPU, 16"")",Mac,,1849.0,,0.0,2
144,"MacBook Pro (2023 M2 Max, 38-core GPU, 14"")",Mac,,1848.0,,0.0,2
145,NVIDIA Quadro RTX 4000,Desktop/Mobile,899.0,1847.0,2,0.0,2
146,NVIDIA GeForce RTX 2080 SUPER,Desktop/Mobile,,1825.0,,0.0,2
147,NVIDIA GeForce RTX 3060 (notebook),Desktop/Mobile,,1801.0,,0.5,2
148,AMD Radeon RX 6600 XT,Desktop/Mobile,379.0,1792.0,4,0.2,2
149,NVIDIA RTX 4050 (notebook),Desktop/Mobile,,1786.0,,0.2,2
150,NVIDIA GeForce RTX 2070 (Notebook refresh),Desktop/Mobile,,1773.0,,0.0,2
151,NVIDIA GeForce RTX 2060 12 GB,Desktop/Mobile,,1770.0,,0.0,2
152,NVIDIA GeForce RTX 2080,Desktop/Mobile,,1761.0,,0.0,2
153,"MacBook Pro (2021 M1 Max, 32-core GPU, 16"")",Mac,,1758.0,,0.0,2
154,"Mac Studio (2022 M1 Max, 32-core GPU)",Mac,,1754.0,,0.0,2
155,NVIDIA GeForce RTX 2070,Desktop/Mobile,,1750.0,,0.0,2
156,NVIDIA GeForce RTX 2070 SUPER,Desktop/Mobile,,1740.0,,0.0,2
157,NVIDIA GeForce RTX 2060,Desktop/Mobile,349.0,1703.0,4,0.5,2
158,AMD Radeon RX Vega 64,Desktop/Mobile,499.0,1675.0,3,0.0,2
159,AMD Radeon RX 6800S,Desktop/Mobile,,1675.0,,0.0,2
160,"MacBook Pro (2023 M2 Max, 30-core GPU, 14"")",Mac,,1671.0,,0.0,2
161,AMD Radeon RX 5600 XT,Desktop/Mobile,279.0,1663.0,5,0.1,2
162,NVIDIA GeForce GTX 1080,Desktop/Mobile,599.0,1631.0,2,0.4,2
163,Intel Arc Pro B50,Desktop/Mobile,,1604.0,,0.0,2
164,"Mac mini (2024 M4 Pro, 16-core GPU)",Mac,,1596.0,,0.0,2
165,"MacBook Pro (2024 M4 Pro, 16-core GPU, 14"")",Mac,,1589.0,,0.0,2
166,NVIDIA GeForce RTX 3060 8 GB,Desktop/Mobile,329.0,1588.0,4,0.0,2
167,NVIDIA GeForce RTX 2070,Desktop/Mobile,,1556.0,,0.0,2
168,NVIDIA GeForce GTX 1080,Desktop/Mobile,,1554.0,,0.0,2
169,NVIDIA GeForce RTX 2070  (refresh),Desktop/Mobile,,1553.0,,0.0,2
170,AMD Radeon RX Vega 56,Desktop/Mobile,399.0,1514.0,3,0.0,2
171,"Mac mini (2026 M6, 12-core GPU)",Mac,,1510.0,,0.0,2
172,"MacBook Pro (2021 M1 Max, 32-core GPU, 14"")",Mac,,1498.0,,0.0,2
173,Intel Arc B390,Desktop/Mobile,,1494.0,,0.0,2
174,AMD Radeon RX 5600,Desktop/Mobile,,1491.0,,0.0,2
175,AMD Radeon RX 6600,Desktop/Mobile,330.0,1486.0,4,0.4,2
176,AMD Radeon RX 6600M,Desktop/Mobile,,1479.0,,0.0,2
177,NVIDIA GeForce GTX 1070 Ti,Desktop/Mobile,399.0,1467.0,3,0.1,2
178,AMD Radeon RX 6700S,Desktop/Mobile,,1425.0,,0.0,2
179,"MacBook Pro (2021 M1 Max, 24-core GPU, 16"")",Mac,,1414.0,,0.0,2
180,AMD Radeon RX 6600 LE,Desktop/Mobile,,1407.0,,0.0,2
181,"Mac Studio (2022 M1 Max, 24-core GPU)",Mac,,1391.0,,0.0,2
182,NVIDIA GeForce RTX 2060 (Notebook refresh),Desktop/Mobile,,1380.0,,0.1,2
183,"MacBook Pro (2021 M1 Max, 24-core GPU, 14"")",Mac,,1368.0,,0.0,2
184,NVIDIA GeForce RTX 2060,Desktop/Mobile,,1365.0,,0.0,2
185,NVIDIA RTX A2000,Desktop/Mobile,,1363.0,,0.0,2
186,"MacBook Pro (2023 M3 Pro, 18-core GPU, 16"")",Mac,,1351.0,,0.0,2
187,"MacBook Pro (2023 M3 Pro, 18-core GPU, 14"")",Mac,,1346.0,,0.0,2
188,NVIDIA GeForce GTX 1070,Desktop/Mobile,379.0,1339.0,3,0.4,2
189,NVIDIA GeForce RTX 3050,Desktop/Mobile,249.0,1338.0,5,0.2,2
190,NVIDIA RTX A2000 12 GB,Desktop/Mobile,,1328.0,,0.0,2
191,NVIDIA GeForce GTX 980 Ti,Desktop/Mobile,649.0,1319.0,2,0.1,2
192,NVIDIA GeForce GTX 1660 Ti,Desktop/Mobile,279.0,1307.0,4,0.2,2
193,NVIDIA Quadro RTX 3000 Mobile,Desktop/Mobile,,1283.0,,0.0,2
194,NVIDIA GTX TITAN X,Desktop/Mobile,999.0,1249.0,1,0.0,2
195,NVIDIA GeForce GTX 1660 SUPER,Desktop/Mobile,229.0,1246.0,5,0.4,2
196,NVIDIA GeForce GTX 1070,Desktop/Mobile,,1236.0,,0.0,2
197,NVIDIA GeForce RTX 2060,Desktop/Mobile,,1226.0,,0.0,2
198,"Mac mini (2023 M2 Pro, 19-core GPU)",Mac,,1184.0,,0.0,2
199,NVIDIA GeForce GTX 1660 Ti,Desktop/Mobile,,1179.0,,0.1,2
200,"MacBook Pro (2023 M2 Pro, 19-core GPU, 14"")",Mac,,1168.0,,0.0,2
201,"MacBook Pro (2023 M2 Pro, 19-core GPU, 16"")",Mac,,1163.0,,0.0,2
202,"MacBook Pro (2023 M3 Pro, 14-core GPU, 14"")",Mac,,1147.0,,0.0,2
203,"MacBook Pro (2025 M5, 10-core GPU, 14"")",Mac,,1129.0,,0.0,2
204,NVIDIA GeForce RTX 3050 6 GB (notebook),Desktop/Mobile,,1088.0,,0.1,2
205,AMD Radeon RX 590,Desktop/Mobile,279.0,1079.0,3,0.0,2
206,"MacBook Air (2026 M5, 10-core GPU, 15"")",Mac,,1062.0,,0.0,2
207,"MacBook Air (2026 M5, 10-core GPU, 13"")",Mac,,1060.0,,0.0,2
208,NVIDIA GeForce GTX 1660,Desktop/Mobile,219.0,1046.0,4,0.1,2
209,NVIDIA GeForce GTX 1660 Ti,Desktop/Mobile,,1036.0,,0.0,2
210,AMD Radeon RX 5500 XT,Desktop/Mobile,169.0,1023.0,6,0.0,2
211,"Mac mini (2023 M2 Pro, 16-core GPU)",Mac,,1009.0,,0.0,2
212,"MacBook Pro (2023 M2 Pro, 16-core GPU, 14"")",Mac,,1007.0,,0.0,2
213,AMD Radeon RX 580,Desktop/Mobile,229.0,1004.0,4,0.2,2
214,NVIDIA GeForce RTX 3050 6 GB,Desktop/Mobile,,1003.0,,0.2,2
215,AMD Radeon RX 590 GME,Desktop/Mobile,,994.0,,0.0,1
216,AMD Radeon RX 480,Desktop/Mobile,229.0,962.0,4,0.0,1
217,AMD Radeon R9 390,Desktop/Mobile,329.0,954.0,2,0.0,1
218,"MacBook Air (2026 M5, 8-core GPU, 13"")",Mac,,940.0,,0.0,1
219,"MacBook Pro (2021 M1 Pro, 16-core GPU, 16"")",Mac,,907.0,,0.0,1
220,"Mac mini (2024 M4, 10-core GPU)",Mac,,907.0,,0.0,1
221,NVIDIA GeForce GTX 1060-6GB,Desktop/Mobile,299.0,905.0,3,0.4,1
222,"MacBook Pro (2021 M1 Pro, 16-core GPU, 14"")",Mac,,905.0,,0.0,1
223,NVIDIA P106-100,Desktop/Mobile,,896.0,,0.0,1
224,"MacBook Pro (2024 M4, 10-core GPU, 14"")",Mac,,896.0,,0.0,1
225,AMD Radeon RX 570,Desktop/Mobile,169.0,883.0,5,0.1,1
226,"MacBook Air (2025 M4, 10-core GPU, 15"")",Mac,,856.0,,0.0,1
227,"MacBook Air (2025 M4, 10-core GPU, 13"")",Mac,,849.0,,0.0,1
228,AMD Radeon RX 470,Desktop/Mobile,179.0,845.0,4,0.0,1
229,AMD Radeon RX 580 2048SP,Desktop/Mobile,,836.0,,0.1,1
230,"iMac (2024 M4, 10-core GPU, 24"")",Mac,,818.0,,0.0,1
231,"MacBook Pro (2021 M1 Pro, 14-core GPU, 14"")",Mac,,818.0,,0.0,1
232,NVIDIA GeForce GTX 1060,Desktop/Mobile,,803.0,,0.0,1
233,Intel Arc 140T GPU,Desktop/Mobile,,796.0,,0.0,1
234,Intel Arc A380,Desktop/Mobile,,786.0,,0.0,1
235,"MacBook Air (2025 M4, 8-core GPU, 13"")",Mac,,762.0,,0.0,1
236,"iMac (2024 M4, 8-core GPU, 24"")",Mac,,759.0,,0.0,1
237,"MacBook Pro (2023 M3, 10-core GPU, 14"")",Mac,,753.0,,0.0,1
238,"MacBook Air (2024 M3, 10-core GPU, 15"")",Mac,,735.0,,0.0,1
239,"iMac (2023 M3, 10-core GPU, 24"")",Mac,,733.0,,0.0,1
240,"MacBook Air (2024 M3, 10-core GPU, 13"")",Mac,,732.0,,0.0,1
241,Intel Arc Graphics (Lunar Lake),Desktop/Mobile,,727.0,,0.0,1
242,Intel Arc Graphics,Desktop/Mobile,,653.0,,0.0,1
243,"MacBook Air (2024 M3, 8-core GPU, 15"")",Mac,,649.0,,0.0,1
244,"MacBook Pro (2022 M2, 10-core GPU, 13"")",Mac,,613.0,,0.0,1
245,"MacBook Air (2023 M2, 10-core GPU, 15"")",Mac,,599.0,,0.0,1
246,"Mac mini (2023 M2, 10-core GPU)",Mac,,598.0,,0.0,1
247,"MacBook Air (2022 M2, 10-core GPU, 13"")",Mac,,591.0,,0.0,1
248,"iMac (2023 M3, 8-core GPU, 24"")",Mac,,586.0,,0.0,1
249,AMD Radeon 890M,Desktop/Mobile,,565.0,,0.0,1
250,NVIDIA GeForce GTX 980,Desktop/Mobile,549.0,546.0,,0.0,1
251,"MacBook Air (2022 M2, 8-core GPU, 13"")",Mac,,506.0,,0.0,1
252,AMD Radeon 780M (desktop),Desktop/Mobile,,501.0,,0.0,1
253,Qualcomm Adreno X1-85,Desktop/Mobile,,495.0,,0.0,1
254,NVIDIA GeForce RTX 3050 Ti (notebook),Desktop/Mobile,,489.0,,0.0,1
255,AMD Radeon 780M,Desktop/Mobile,,467.0,,0.0,1
256,AMD ROG Ally Extreme GPU,Desktop/Mobile,,464.0,,0.0,1
257,Intel Graphics (Ultra 200 Series),Desktop/Mobile,,425.0,,0.0,1
258,"iMac (2021 M1, 8-core GPU, 24"")",Mac,,423.0,,0.0,1
259,"Mac mini (2020 M1, 8-core GPU)",Mac,,418.0,,0.0,1
260,"MacBook Pro (2020 M1, 8-core GPU, 13"")",Mac,,417.0,,0.0,1
261,"MacBook Air (2020 M1, 8-core GPU, 13"")",Mac,,417.0,,0.0,1
262,NVIDIA GeForce RTX 2050 (notebook),Desktop/Mobile,,402.0,,0.0,1
263,NVIDIA GeForce RTX 3050 (notebook),Desktop/Mobile,,386.0,,0.0,1
264,"MacBook Air (2020 M1, 7-core GPU, 13"")",Mac,,383.0,,0.0,1
265,"MacBook Neo (2026 A18 Pro, 5-core GPU)",Mac,,379.0,,0.0,1
266,AMD Radeon 680M,Desktop/Mobile,,368.0,,0.0,1
267,AMD Radeon RX 6500 XT,Desktop/Mobile,200.0,343.0,1,0.0,1
268,NVIDIA GeForce GTX 970,Desktop/Mobile,329.0,338.0,1,0.0,1
269,NVIDIA GeForce GTX 1650 SUPER,Desktop/Mobile,160.0,323.0,2,0.0,1
270,NVIDIA GeForce GTX 1650,Desktop/Mobile,149.0,320.0,2,0.0,1
271,NVIDIA GeForce GTX 1050 Ti,Desktop/Mobile,,309.0,,0.0,1
272,NVIDIA GeForce GTX 1050 Ti,Desktop/Mobile,139.0,297.0,2,0.0,1
273,NVIDIA GeForce GTX 1650,Desktop/Mobile,,270.0,,0.0,1
274,NVIDIA GeForce GTX 1650 Ti,Desktop/Mobile,,251.0,,0.0,1
275,AMD Radeon Vega 7 (Cezanne),Desktop/Mobile,,233.0,,0.0,1
276,AMD Radeon Vega 8 (Cezanne),Desktop/Mobile,,225.0,,0.0,1
277,NVIDIA GeForce GTX 1060-3GB,Desktop/Mobile,199.0,156.0,,0.0,1
278,NVIDIA GeForce GTX 960,Desktop/Mobile,199.0,155.0,,0.0,1
279,Intel Iris Xe Graphics G7 96EU,Desktop/Mobile,,139.0,,0.0,1
280,AMD Radeon Graphics (Granite Ridge),Desktop/Mobile,,126.0,,0.0,1
281,AMD Radeon Graphics (Raphael),Desktop/Mobile,,121.0,,0.0,1
282,NVIDIA GeForce GTX 1050,Desktop/Mobile,109.0,113.0,1,0.0,1
